{"metadata":{"kernel_spec":{"name":"SQL","language":"sql","display_name":"SQL"},"language_info":{"name":"sql","version":""}},"nbformat":4,"nbformat_minor":2,"cells":[{"cell_type":"markdown","source":["# [SmartAttendanceAI]"],"metadata":{"urn":"Server[@Name='Long\\HOANGLONG']/Database[@Name='SmartAttendanceAI']","object_type":"Database"}},{"outputs":[],"execution_count":0,"cell_type":"code","source":["USE [master]\r\n","GO\r\n"],"metadata":{"urn":"Server[@Name='Long\\HOANGLONG']/Database[@Name='SmartAttendanceAI']","object_type":"Database"}},{"outputs":[],"execution_count":0,"cell_type":"code","source":["/****** Object:  Database [SmartAttendanceAI]    Script Date: 21/01/2026 11:29:52 PM ******/\r\nCREATE DATABASE [SmartAttendanceAI]\r\n CONTAINMENT = NONE\r\n ON  PRIMARY \r\n( NAME = N'SmartAttendanceAI', FILENAME = N'C:\\Program Files\\Microsoft SQL Server\\MSSQL16.HOANGLONG\\MSSQL\\DATA\\SmartAttendanceAI.mdf' , SIZE = 8192KB , MAXSIZE = UNLIMITED, FILEGROWTH = 65536KB )\r\n LOG ON \r\n( NAME = N'SmartAttendanceAI_log', FILENAME = N'C:\\Program Files\\Microsoft SQL Server\\MSSQL16.HOANGLONG\\MSSQL\\DATA\\SmartAttendanceAI_log.ldf' , SIZE = 8192KB , MAXSIZE = 2048GB , FILEGROWTH = 65536KB )\r\n WITH CATALOG_COLLATION = DATABASE_DEFAULT, LEDGER = OFF\r\n","GO\r\n","ALTER DATABASE [SmartAttendanceAI] SET COMPATIBILITY_LEVEL = 160\r\n","GO\r\n","IF (1 = FULLTEXTSERVICEPROPERTY('IsFullTextInstalled'))\r\nbegin\r\nEXEC [SmartAttendanceAI].[dbo].[sp_fulltext_database] @action = 'enable'\r\nend\r\n","GO\r\n","ALTER DATABASE [SmartAttendanceAI] SET ANSI_NULL_DEFAULT OFF \r\n","GO\r\n","ALTER DATABASE [SmartAttendanceAI] SET ANSI_NULLS OFF \r\n","GO\r\n","ALTER DATABASE [SmartAttendanceAI] SET ANSI_PADDING OFF \r\n","GO\r\n","ALTER DATABASE [SmartAttendanceAI] SET ANSI_WARNINGS OFF \r\n","GO\r\n","ALTER DATABASE [SmartAttendanceAI] SET ARITHABORT OFF \r\n","GO\r\n","ALTER DATABASE [SmartAttendanceAI] SET AUTO_CLOSE OFF \r\n","GO\r\n","ALTER DATABASE [SmartAttendanceAI] SET AUTO_SHRINK OFF \r\n","GO\r\n","ALTER DATABASE [SmartAttendanceAI] SET AUTO_UPDATE_STATISTICS ON \r\n","GO\r\n","ALTER DATABASE [SmartAttendanceAI] SET CURSOR_CLOSE_ON_COMMIT OFF \r\n","GO\r\n","ALTER DATABASE [SmartAttendanceAI] SET CURSOR_DEFAULT  GLOBAL \r\n","GO\r\n","ALTER DATABASE [SmartAttendanceAI] SET CONCAT_NULL_YIELDS_NULL OFF \r\n","GO\r\n","ALTER DATABASE [SmartAttendanceAI] SET NUMERIC_ROUNDABORT OFF \r\n","GO\r\n","ALTER DATABASE [SmartAttendanceAI] SET QUOTED_IDENTIFIER OFF \r\n","GO\r\n","ALTER DATABASE [SmartAttendanceAI] SET RECURSIVE_TRIGGERS OFF \r\n","GO\r\n","ALTER DATABASE [SmartAttendanceAI] SET  ENABLE_BROKER \r\n","GO\r\n","ALTER DATABASE [SmartAttendanceAI] SET AUTO_UPDATE_STATISTICS_ASYNC OFF \r\n","GO\r\n","ALTER DATABASE [SmartAttendanceAI] SET DATE_CORRELATION_OPTIMIZATION OFF \r\n","GO\r\n","ALTER DATABASE [SmartAttendanceAI] SET TRUSTWORTHY OFF \r\n","GO\r\n","ALTER DATABASE [SmartAttendanceAI] SET ALLOW_SNAPSHOT_ISOLATION OFF \r\n","GO\r\n","ALTER DATABASE [SmartAttendanceAI] SET PARAMETERIZATION SIMPLE \r\n","GO\r\n","ALTER DATABASE [SmartAttendanceAI] SET READ_COMMITTED_SNAPSHOT OFF \r\n","GO\r\n","ALTER DATABASE [SmartAttendanceAI] SET HONOR_BROKER_PRIORITY OFF \r\n","GO\r\n","ALTER DATABASE [SmartAttendanceAI] SET RECOVERY FULL \r\n","GO\r\n","ALTER DATABASE [SmartAttendanceAI] SET  MULTI_USER \r\n","GO\r\n","ALTER DATABASE [SmartAttendanceAI] SET PAGE_VERIFY CHECKSUM  \r\n","GO\r\n","ALTER DATABASE [SmartAttendanceAI] SET DB_CHAINING OFF \r\n","GO\r\n","ALTER DATABASE [SmartAttendanceAI] SET FILESTREAM( NON_TRANSACTED_ACCESS = OFF ) \r\n","GO\r\n","ALTER DATABASE [SmartAttendanceAI] SET TARGET_RECOVERY_TIME = 60 SECONDS \r\n","GO\r\n","ALTER DATABASE [SmartAttendanceAI] SET DELAYED_DURABILITY = DISABLED \r\n","GO\r\n","ALTER DATABASE [SmartAttendanceAI] SET ACCELERATED_DATABASE_RECOVERY = OFF  \r\n","GO\r\n","EXEC sys.sp_db_vardecimal_storage_format N'SmartAttendanceAI', N'ON'\r\n","GO\r\n","ALTER DATABASE [SmartAttendanceAI] SET QUERY_STORE = ON\r\n","GO\r\n","ALTER DATABASE [SmartAttendanceAI] SET QUERY_STORE (OPERATION_MODE = READ_WRITE, CLEANUP_POLICY = (STALE_QUERY_THRESHOLD_DAYS = 30), DATA_FLUSH_INTERVAL_SECONDS = 900, INTERVAL_LENGTH_MINUTES = 60, MAX_STORAGE_SIZE_MB = 1000, QUERY_CAPTURE_MODE = AUTO, SIZE_BASED_CLEANUP_MODE = AUTO, MAX_PLANS_PER_QUERY = 200, WAIT_STATS_CAPTURE_MODE = ON)\r\n","GO\r\n"],"metadata":{"urn":"Server[@Name='Long\\HOANGLONG']/Database[@Name='SmartAttendanceAI']","object_type":"Database"}},{"cell_type":"markdown","source":["# [LONG\\HoangVanLong]"],"metadata":{"urn":"Server[@Name='Long\\HOANGLONG']/Database[@Name='SmartAttendanceAI']/User[@Name='LONG\\HoangVanLong']","object_type":"User"}},{"outputs":[],"execution_count":0,"cell_type":"code","source":["USE [SmartAttendanceAI]\r\n","GO\r\n"],"metadata":{"urn":"Server[@Name='Long\\HOANGLONG']/Database[@Name='SmartAttendanceAI']/User[@Name='LONG\\HoangVanLong']","object_type":"User"}},{"outputs":[],"execution_count":0,"cell_type":"code","source":["/****** Object:  User [LONG\\HoangVanLong]    Script Date: 21/01/2026 11:29:53 PM ******/\r\nCREATE USER [LONG\\HoangVanLong] FOR LOGIN [LONG\\Admin] WITH DEFAULT_SCHEMA=[dbo]\r\n","GO\r\n"],"metadata":{"urn":"Server[@Name='Long\\HOANGLONG']/Database[@Name='SmartAttendanceAI']/User[@Name='LONG\\HoangVanLong']","object_type":"User"}},{"outputs":[],"execution_count":0,"cell_type":"code","source":["ALTER ROLE [db_owner] ADD MEMBER [LONG\\HoangVanLong]\r\n","GO\r\n"],"metadata":{"urn":"Server[@Name='Long\\HOANGLONG']/Database[@Name='SmartAttendanceAI']/User[@Name='LONG\\HoangVanLong']","object_type":"User"}},{"cell_type":"markdown","source":["# [dbo].[SinhVien]"],"metadata":{"urn":"Server[@Name='Long\\HOANGLONG']/Database[@Name='SmartAttendanceAI']/Table[@Name='SinhVien' and @Schema='dbo']","object_type":"Table"}},{"outputs":[],"execution_count":0,"cell_type":"code","source":["/****** Object:  Table [dbo].[SinhVien]    Script Date: 21/01/2026 11:29:53 PM ******/\r\nSET ANSI_NULLS ON\r\n","GO\r\n","SET QUOTED_IDENTIFIER ON\r\n","GO\r\n","CREATE TABLE [dbo].[SinhVien](\r\n\t[MaSV] [varchar](20) NOT NULL,\r\n\t[HoTen] [nvarchar](100) NOT NULL,\r\n\t[NgaySinh] [date] NULL,\r\n\t[GioiTinh] [nvarchar](10) NULL,\r\n\t[Lop] [nvarchar](50) NULL,\r\n\t[Khoa] [nvarchar](100) NULL,\r\n\t[Email] [varchar](100) NULL,\r\n\t[TrangThai] [nvarchar](20) NULL,\r\nPRIMARY KEY CLUSTERED \r\n(\r\n\t[MaSV] ASC\r\n)WITH (PAD_INDEX = OFF, STATISTICS_NORECOMPUTE = OFF, IGNORE_DUP_KEY = OFF, ALLOW_ROW_LOCKS = ON, ALLOW_PAGE_LOCKS = ON, OPTIMIZE_FOR_SEQUENTIAL_KEY = OFF) ON [PRIMARY]\r\n) ON [PRIMARY]\r\nGO\r\n"],"metadata":{"urn":"Server[@Name='Long\\HOANGLONG']/Database[@Name='SmartAttendanceAI']/Table[@Name='SinhVien' and @Schema='dbo']","object_type":"Table"}},{"cell_type":"markdown","source":["# [dbo].[LopHocPhan]"],"metadata":{"urn":"Server[@Name='Long\\HOANGLONG']/Database[@Name='SmartAttendanceAI']/Table[@Name='LopHocPhan' and @Schema='dbo']","object_type":"Table"}},{"outputs":[],"execution_count":0,"cell_type":"code","source":["/****** Object:  Table [dbo].[LopHocPhan]    Script Date: 21/01/2026 11:29:53 PM ******/\r\nSET ANSI_NULLS ON\r\n","GO\r\n","SET QUOTED_IDENTIFIER ON\r\n","GO\r\n","CREATE TABLE [dbo].[LopHocPhan](\r\n\t[MaLHP] [varchar](20) NOT NULL,\r\n\t[MaMon] [varchar](20) NULL,\r\n\t[HocKy] [nvarchar](20) NULL,\r\n\t[NamHoc] [nvarchar](20) NULL,\r\n\t[GiangVien] [nvarchar](100) NULL,\r\n\t[GioBatDau] [time](7) NULL,\r\n\t[GioKetThuc] [time](7) NULL,\r\nPRIMARY KEY CLUSTERED \r\n(\r\n\t[MaLHP] ASC\r\n)WITH (PAD_INDEX = OFF, STATISTICS_NORECOMPUTE = OFF, IGNORE_DUP_KEY = OFF, ALLOW_ROW_LOCKS = ON, ALLOW_PAGE_LOCKS = ON, OPTIMIZE_FOR_SEQUENTIAL_KEY = OFF) ON [PRIMARY]\r\n) ON [PRIMARY]\r\nGO\r\n"],"metadata":{"urn":"Server[@Name='Long\\HOANGLONG']/Database[@Name='SmartAttendanceAI']/Table[@Name='LopHocPhan' and @Schema='dbo']","object_type":"Table"}},{"cell_type":"markdown","source":["# [dbo].[DangKyHoc]"],"metadata":{"urn":"Server[@Name='Long\\HOANGLONG']/Database[@Name='SmartAttendanceAI']/Table[@Name='DangKyHoc' and @Schema='dbo']","object_type":"Table"}},{"outputs":[],"execution_count":0,"cell_type":"code","source":["/****** Object:  Table [dbo].[DangKyHoc]    Script Date: 21/01/2026 11:29:53 PM ******/\r\nSET ANSI_NULLS ON\r\n","GO\r\n","SET QUOTED_IDENTIFIER ON\r\n","GO\r\n","CREATE TABLE [dbo].[DangKyHoc](\r\n\t[MaSV] [varchar](20) NOT NULL,\r\n\t[MaLHP] [varchar](20) NOT NULL,\r\n CONSTRAINT [PK_DangKy] PRIMARY KEY CLUSTERED \r\n(\r\n\t[MaSV] ASC,\r\n\t[MaLHP] ASC\r\n)WITH (PAD_INDEX = OFF, STATISTICS_NORECOMPUTE = OFF, IGNORE_DUP_KEY = OFF, ALLOW_ROW_LOCKS = ON, ALLOW_PAGE_LOCKS = ON, OPTIMIZE_FOR_SEQUENTIAL_KEY = OFF) ON [PRIMARY]\r\n) ON [PRIMARY]\r\nGO\r\n"],"metadata":{"urn":"Server[@Name='Long\\HOANGLONG']/Database[@Name='SmartAttendanceAI']/Table[@Name='DangKyHoc' and @Schema='dbo']","object_type":"Table"}},{"cell_type":"markdown","source":["# [dbo].[BuoiHoc]"],"metadata":{"urn":"Server[@Name='Long\\HOANGLONG']/Database[@Name='SmartAttendanceAI']/Table[@Name='BuoiHoc' and @Schema='dbo']","object_type":"Table"}},{"outputs":[],"execution_count":0,"cell_type":"code","source":["/****** Object:  Table [dbo].[BuoiHoc]    Script Date: 21/01/2026 11:29:53 PM ******/\r\nSET ANSI_NULLS ON\r\n","GO\r\n","SET QUOTED_IDENTIFIER ON\r\n","GO\r\n","CREATE TABLE [dbo].[BuoiHoc](\r\n\t[MaBuoi] [int] IDENTITY(1,1) NOT NULL,\r\n\t[MaLHP] [varchar](20) NULL,\r\n\t[NgayHoc] [date] NULL,\r\n\t[GioBatDau] [time](7) NULL,\r\nPRIMARY KEY CLUSTERED \r\n(\r\n\t[MaBuoi] ASC\r\n)WITH (PAD_INDEX = OFF, STATISTICS_NORECOMPUTE = OFF, IGNORE_DUP_KEY = OFF, ALLOW_ROW_LOCKS = ON, ALLOW_PAGE_LOCKS = ON, OPTIMIZE_FOR_SEQUENTIAL_KEY = OFF) ON [PRIMARY]\r\n) ON [PRIMARY]\r\nGO\r\n"],"metadata":{"urn":"Server[@Name='Long\\HOANGLONG']/Database[@Name='SmartAttendanceAI']/Table[@Name='BuoiHoc' and @Schema='dbo']","object_type":"Table"}},{"cell_type":"markdown","source":["# [dbo].[DiemDanh]"],"metadata":{"urn":"Server[@Name='Long\\HOANGLONG']/Database[@Name='SmartAttendanceAI']/Table[@Name='DiemDanh' and @Schema='dbo']","object_type":"Table"}},{"outputs":[],"execution_count":0,"cell_type":"code","source":["/****** Object:  Table [dbo].[DiemDanh]    Script Date: 21/01/2026 11:29:53 PM ******/\r\nSET ANSI_NULLS ON\r\n","GO\r\n","SET QUOTED_IDENTIFIER ON\r\n","GO\r\n","CREATE TABLE [dbo].[DiemDanh](\r\n\t[MaDiemDanh] [int] IDENTITY(1,1) NOT NULL,\r\n\t[MaSV] [varchar](20) NULL,\r\n\t[MaBuoi] [int] NULL,\r\n\t[ThoiGianQuet] [datetime] NULL,\r\n\t[TrangThai] [nvarchar](20) NULL,\r\n\t[NguonQuet] [nvarchar](20) NULL,\r\nPRIMARY KEY CLUSTERED \r\n(\r\n\t[MaDiemDanh] ASC\r\n)WITH (PAD_INDEX = OFF, STATISTICS_NORECOMPUTE = OFF, IGNORE_DUP_KEY = OFF, ALLOW_ROW_LOCKS = ON, ALLOW_PAGE_LOCKS = ON, OPTIMIZE_FOR_SEQUENTIAL_KEY = OFF) ON [PRIMARY]\r\n) ON [PRIMARY]\r\nGO\r\n"],"metadata":{"urn":"Server[@Name='Long\\HOANGLONG']/Database[@Name='SmartAttendanceAI']/Table[@Name='DiemDanh' and @Schema='dbo']","object_type":"Table"}},{"cell_type":"markdown","source":["# [dbo].[VW_ChuyenCan]"],"metadata":{"urn":"Server[@Name='Long\\HOANGLONG']/Database[@Name='SmartAttendanceAI']/View[@Name='VW_ChuyenCan' and @Schema='dbo']","object_type":"View"}},{"outputs":[],"execution_count":0,"cell_type":"code","source":["/****** Object:  View [dbo].[VW_ChuyenCan]    Script Date: 21/01/2026 11:29:53 PM ******/\r\nSET ANSI_NULLS ON\r\n","GO\r\n","SET QUOTED_IDENTIFIER ON\r\n","GO\r\n","CREATE VIEW [dbo].[VW_ChuyenCan] AS\r\nSELECT \r\n    sv.MaSV,\r\n    sv.HoTen,\r\n    lhp.MaLHP,\r\n    COUNT(dd.MaDiemDanh) AS SoBuoiCoMat,\r\n    COUNT(bh.MaBuoi) AS TongBuoi,\r\n    CAST(COUNT(dd.MaDiemDanh) * 100.0 / COUNT(bh.MaBuoi) AS DECIMAL(5,2)) AS TyLeChuyenCan\r\nFROM SinhVien sv\r\nJOIN DangKyHoc dk ON sv.MaSV = dk.MaSV\r\nJOIN LopHocPhan lhp ON dk.MaLHP = lhp.MaLHP\r\nJOIN BuoiHoc bh ON lhp.MaLHP = bh.MaLHP\r\nLEFT JOIN DiemDanh dd \r\n    ON dd.MaSV = sv.MaSV AND dd.MaBuoi = bh.MaBuoi\r\nGROUP BY sv.MaSV, sv.HoTen, lhp.MaLHP;\r\nGO\r\n"],"metadata":{"urn":"Server[@Name='Long\\HOANGLONG']/Database[@Name='SmartAttendanceAI']/View[@Name='VW_ChuyenCan' and @Schema='dbo']","object_type":"View"}},{"cell_type":"markdown","source":["# [dbo].[VW_DieuKienDuThi]"],"metadata":{"urn":"Server[@Name='Long\\HOANGLONG']/Database[@Name='SmartAttendanceAI']/View[@Name='VW_DieuKienDuThi' and @Schema='dbo']","object_type":"View"}},{"outputs":[],"execution_count":0,"cell_type":"code","source":["/****** Object:  View [dbo].[VW_DieuKienDuThi]    Script Date: 21/01/2026 11:29:53 PM ******/\r\nSET ANSI_NULLS ON\r\n","GO\r\n","SET QUOTED_IDENTIFIER ON\r\n","GO\r\n","CREATE VIEW [dbo].[VW_DieuKienDuThi] AS\r\nSELECT *,\r\nCASE \r\n    WHEN TyLeChuyenCan >= 80 THEN N'ĐỦ ĐIỀU KIỆN'\r\n    ELSE N'KHÔNG ĐỦ ĐIỀU KIỆN'\r\nEND AS KetLuan\r\nFROM VW_ChuyenCan;\r\nGO\r\n"],"metadata":{"urn":"Server[@Name='Long\\HOANGLONG']/Database[@Name='SmartAttendanceAI']/View[@Name='VW_DieuKienDuThi' and @Schema='dbo']","object_type":"View"}},{"cell_type":"markdown","source":["# [dbo].[FaceData]"],"metadata":{"urn":"Server[@Name='Long\\HOANGLONG']/Database[@Name='SmartAttendanceAI']/Table[@Name='FaceData' and @Schema='dbo']","object_type":"Table"}},{"outputs":[],"execution_count":0,"cell_type":"code","source":["/****** Object:  Table [dbo].[FaceData]    Script Date: 21/01/2026 11:29:53 PM ******/\r\nSET ANSI_NULLS ON\r\n","GO\r\n","SET QUOTED_IDENTIFIER ON\r\n","GO\r\n","CREATE TABLE [dbo].[FaceData](\r\n\t[FaceID] [int] IDENTITY(1,1) NOT NULL,\r\n\t[MaSV] [varchar](20) NULL,\r\n\t[Embedding] [varbinary](max) NULL,\r\n\t[NgayTao] [datetime] NULL,\r\nPRIMARY KEY CLUSTERED \r\n(\r\n\t[FaceID] ASC\r\n)WITH (PAD_INDEX = OFF, STATISTICS_NORECOMPUTE = OFF, IGNORE_DUP_KEY = OFF, ALLOW_ROW_LOCKS = ON, ALLOW_PAGE_LOCKS = ON, OPTIMIZE_FOR_SEQUENTIAL_KEY = OFF) ON [PRIMARY]\r\n) ON [PRIMARY] TEXTIMAGE_ON [PRIMARY]\r\nGO\r\n"],"metadata":{"urn":"Server[@Name='Long\\HOANGLONG']/Database[@Name='SmartAttendanceAI']/Table[@Name='FaceData' and @Schema='dbo']","object_type":"Table"}},{"cell_type":"markdown","source":["# [dbo].[MonHoc]"],"metadata":{"urn":"Server[@Name='Long\\HOANGLONG']/Database[@Name='SmartAttendanceAI']/Table[@Name='MonHoc' and @Schema='dbo']","object_type":"Table"}},{"outputs":[],"execution_count":0,"cell_type":"code","source":["/****** Object:  Table [dbo].[MonHoc]    Script Date: 21/01/2026 11:29:53 PM ******/\r\nSET ANSI_NULLS ON\r\n","GO\r\n","SET QUOTED_IDENTIFIER ON\r\n","GO\r\n","CREATE TABLE [dbo].[MonHoc](\r\n\t[MaMon] [varchar](20) NOT NULL,\r\n\t[TenMon] [nvarchar](100) NOT NULL,\r\n\t[SoBuoi] [int] NOT NULL,\r\n\t[SoTiet] [int] NULL,\r\nPRIMARY KEY CLUSTERED \r\n(\r\n\t[MaMon] ASC\r\n)WITH (PAD_INDEX = OFF, STATISTICS_NORECOMPUTE = OFF, IGNORE_DUP_KEY = OFF, ALLOW_ROW_LOCKS = ON, ALLOW_PAGE_LOCKS = ON, OPTIMIZE_FOR_SEQUENTIAL_KEY = OFF) ON [PRIMARY]\r\n) ON [PRIMARY]\r\nGO\r\n"],"metadata":{"urn":"Server[@Name='Long\\HOANGLONG']/Database[@Name='SmartAttendanceAI']/Table[@Name='MonHoc' and @Schema='dbo']","object_type":"Table"}},{"cell_type":"markdown","source":["# [dbo].[BuoiHoc]"],"metadata":{"urn":"Server[@Name='Long\\HOANGLONG']/Database[@Name='SmartAttendanceAI']/Table[@Name='BuoiHoc' and @Schema='dbo']","object_type":"Table"}},{"outputs":[],"execution_count":0,"cell_type":"code","source":["SET IDENTITY_INSERT [dbo].[BuoiHoc] ON \r\n","INSERT [dbo].[BuoiHoc] ([MaBuoi], [MaLHP], [NgayHoc], [GioBatDau]) VALUES (2, N'LHP001', CAST(N'2026-01-10' AS Date), CAST(N'07:00:00' AS Time))\r\n","INSERT [dbo].[BuoiHoc] ([MaBuoi], [MaLHP], [NgayHoc], [GioBatDau]) VALUES (3, N'LHP001', CAST(N'2026-01-17' AS Date), CAST(N'07:00:00' AS Time))\r\n","INSERT [dbo].[BuoiHoc] ([MaBuoi], [MaLHP], [NgayHoc], [GioBatDau]) VALUES (4, N'LHP002', CAST(N'2026-01-11' AS Date), CAST(N'09:45:00' AS Time))\r\n","INSERT [dbo].[BuoiHoc] ([MaBuoi], [MaLHP], [NgayHoc], [GioBatDau]) VALUES (5, N'LHP003', CAST(N'2026-01-15' AS Date), CAST(N'13:00:00' AS Time))\r\n","INSERT [dbo].[BuoiHoc] ([MaBuoi], [MaLHP], [NgayHoc], [GioBatDau]) VALUES (6, N'LHP004', CAST(N'2026-01-20' AS Date), CAST(N'15:15:00' AS Time))\r\n","SET IDENTITY_INSERT [dbo].[BuoiHoc] OFF\r\n","GO\r\n"],"metadata":{"urn":"Server[@Name='Long\\HOANGLONG']/Database[@Name='SmartAttendanceAI']/Table[@Name='BuoiHoc' and @Schema='dbo']","object_type":"Table"}},{"cell_type":"markdown","source":["# [dbo].[DiemDanh]"],"metadata":{"urn":"Server[@Name='Long\\HOANGLONG']/Database[@Name='SmartAttendanceAI']/Table[@Name='DiemDanh' and @Schema='dbo']","object_type":"Table"}},{"outputs":[],"execution_count":0,"cell_type":"code","source":["SET IDENTITY_INSERT [dbo].[DiemDanh] ON \r\n","INSERT [dbo].[DiemDanh] ([MaDiemDanh], [MaSV], [MaBuoi], [ThoiGianQuet], [TrangThai], [NguonQuet]) VALUES (3, N'20220034', 2, CAST(N'2026-01-10T07:55:00.000' AS DateTime), N'Có mặt', N'Camera')\r\n","INSERT [dbo].[DiemDanh] ([MaDiemDanh], [MaSV], [MaBuoi], [ThoiGianQuet], [TrangThai], [NguonQuet]) VALUES (4, N'20220035', 2, CAST(N'2026-01-10T07:57:00.000' AS DateTime), N'Có mặt', N'Camera')\r\n","INSERT [dbo].[DiemDanh] ([MaDiemDanh], [MaSV], [MaBuoi], [ThoiGianQuet], [TrangThai], [NguonQuet]) VALUES (5, N'20220034', 3, CAST(N'2026-01-17T08:05:00.000' AS DateTime), N'Muộn', N'Camera')\r\n","INSERT [dbo].[DiemDanh] ([MaDiemDanh], [MaSV], [MaBuoi], [ThoiGianQuet], [TrangThai], [NguonQuet]) VALUES (6, N'20220035', 3, CAST(N'2026-01-17T08:00:00.000' AS DateTime), N'Có mặt', N'Camera')\r\n","INSERT [dbo].[DiemDanh] ([MaDiemDanh], [MaSV], [MaBuoi], [ThoiGianQuet], [TrangThai], [NguonQuet]) VALUES (7, N'20220034', 4, CAST(N'2026-01-11T07:58:00.000' AS DateTime), N'Có mặt', N'QR')\r\n","INSERT [dbo].[DiemDanh] ([MaDiemDanh], [MaSV], [MaBuoi], [ThoiGianQuet], [TrangThai], [NguonQuet]) VALUES (8, N'20220035', 4, CAST(N'2026-01-11T08:10:00.000' AS DateTime), N'Muộn', N'QR')\r\n","INSERT [dbo].[DiemDanh] ([MaDiemDanh], [MaSV], [MaBuoi], [ThoiGianQuet], [TrangThai], [NguonQuet]) VALUES (9, N'20220034', 5, CAST(N'2026-01-15T08:20:00.000' AS DateTime), N'Vắng', N'Hệ thống')\r\n","INSERT [dbo].[DiemDanh] ([MaDiemDanh], [MaSV], [MaBuoi], [ThoiGianQuet], [TrangThai], [NguonQuet]) VALUES (10, N'20220035', 5, CAST(N'2026-01-15T07:59:00.000' AS DateTime), N'Có mặt', N'Camera')\r\n","SET IDENTITY_INSERT [dbo].[DiemDanh] OFF\r\n","GO\r\n"],"metadata":{"urn":"Server[@Name='Long\\HOANGLONG']/Database[@Name='SmartAttendanceAI']/Table[@Name='DiemDanh' and @Schema='dbo']","object_type":"Table"}},{"cell_type":"markdown","source":["# [dbo].[LopHocPhan]"],"metadata":{"urn":"Server[@Name='Long\\HOANGLONG']/Database[@Name='SmartAttendanceAI']/Table[@Name='LopHocPhan' and @Schema='dbo']","object_type":"Table"}},{"outputs":[],"execution_count":0,"cell_type":"code","source":["INSERT [dbo].[LopHocPhan] ([MaLHP], [MaMon], [HocKy], [NamHoc], [GiangVien], [GioBatDau], [GioKetThuc]) VALUES (N'LHP001', N'MM001', N'1', N'2025-2026', N'Nguyễn Văn A', CAST(N'07:30:00' AS Time), CAST(N'09:30:00' AS Time))\r\n","INSERT [dbo].[LopHocPhan] ([MaLHP], [MaMon], [HocKy], [NamHoc], [GiangVien], [GioBatDau], [GioKetThuc]) VALUES (N'LHP002', N'MM002', N'1', N'2025-2026', N'Trần Thị B', CAST(N'09:45:00' AS Time), CAST(N'11:45:00' AS Time))\r\n","INSERT [dbo].[LopHocPhan] ([MaLHP], [MaMon], [HocKy], [NamHoc], [GiangVien], [GioBatDau], [GioKetThuc]) VALUES (N'LHP003', N'MM003', N'1', N'2025-2026', N'Lê Văn C', CAST(N'13:00:00' AS Time), CAST(N'15:00:00' AS Time))\r\n","INSERT [dbo].[LopHocPhan] ([MaLHP], [MaMon], [HocKy], [NamHoc], [GiangVien], [GioBatDau], [GioKetThuc]) VALUES (N'LHP004', N'MM004', N'2', N'2025-2026', N'Phạm Thị D', CAST(N'15:15:00' AS Time), CAST(N'17:15:00' AS Time))\r\n","GO\r\n"],"metadata":{"urn":"Server[@Name='Long\\HOANGLONG']/Database[@Name='SmartAttendanceAI']/Table[@Name='LopHocPhan' and @Schema='dbo']","object_type":"Table"}},{"cell_type":"markdown","source":["# [dbo].[MonHoc]"],"metadata":{"urn":"Server[@Name='Long\\HOANGLONG']/Database[@Name='SmartAttendanceAI']/Table[@Name='MonHoc' and @Schema='dbo']","object_type":"Table"}},{"outputs":[],"execution_count":0,"cell_type":"code","source":["INSERT [dbo].[MonHoc] ([MaMon], [TenMon], [SoBuoi], [SoTiet]) VALUES (N'MM001', N'Lập trình Python', 15, 45)\r\n","INSERT [dbo].[MonHoc] ([MaMon], [TenMon], [SoBuoi], [SoTiet]) VALUES (N'MM002', N'Trí tuệ nhân tạo', 15, 45)\r\n","INSERT [dbo].[MonHoc] ([MaMon], [TenMon], [SoBuoi], [SoTiet]) VALUES (N'MM003', N'Thị giác máy tính', 15, 45)\r\n","INSERT [dbo].[MonHoc] ([MaMon], [TenMon], [SoBuoi], [SoTiet]) VALUES (N'MM004', N'Cơ sở dữ liệu', 15, 45)\r\n","GO\r\n"],"metadata":{"urn":"Server[@Name='Long\\HOANGLONG']/Database[@Name='SmartAttendanceAI']/Table[@Name='MonHoc' and @Schema='dbo']","object_type":"Table"}},{"cell_type":"markdown","source":["# [dbo].[SinhVien]"],"metadata":{"urn":"Server[@Name='Long\\HOANGLONG']/Database[@Name='SmartAttendanceAI']/Table[@Name='SinhVien' and @Schema='dbo']","object_type":"Table"}},{"outputs":[],"execution_count":0,"cell_type":"code","source":["INSERT [dbo].[SinhVien] ([MaSV], [HoTen], [NgaySinh], [GioiTinh], [Lop], [Khoa], [Email], [TrangThai]) VALUES (N'20220034', N'Hoàng Quang Huy', CAST(N'2004-12-07' AS Date), N'Nam', N'DCCNTT13.10.1', N'CNTT', N'huy@gmail.com', N'Đang học')\r\n","INSERT [dbo].[SinhVien] ([MaSV], [HoTen], [NgaySinh], [GioiTinh], [Lop], [Khoa], [Email], [TrangThai]) VALUES (N'20220035', N'Hoàng Văn Long', CAST(N'2004-02-16' AS Date), N'Nam', N'DCCNTT13.10.1', N'CNTT', N'hvlongg@gmail.com', N'Đang học')\r\n","GO\r\n"],"metadata":{"urn":"Server[@Name='Long\\HOANGLONG']/Database[@Name='SmartAttendanceAI']/Table[@Name='SinhVien' and @Schema='dbo']","object_type":"Table"}},{"cell_type":"markdown","source":["# [DF__FaceData__NgayTa__3A81B327]"],"metadata":{"urn":"Server[@Name='Long\\HOANGLONG']/Database[@Name='SmartAttendanceAI']/Table[@Name='FaceData' and @Schema='dbo']/Column[@Name='NgayTao']/Default[@Name='DF__FaceData__NgayTa__3A81B327']","object_type":"Default"}},{"outputs":[],"execution_count":0,"cell_type":"code","source":["ALTER TABLE [dbo].[FaceData] ADD  DEFAULT (getdate()) FOR [NgayTao]\r\n","GO\r\n"],"metadata":{"urn":"Server[@Name='Long\\HOANGLONG']/Database[@Name='SmartAttendanceAI']/Table[@Name='FaceData' and @Schema='dbo']/Column[@Name='NgayTao']/Default[@Name='DF__FaceData__NgayTa__3A81B327']","object_type":"Default"}},{"cell_type":"markdown","source":["# [DF__SinhVien__TrangT__37A5467C]"],"metadata":{"urn":"Server[@Name='Long\\HOANGLONG']/Database[@Name='SmartAttendanceAI']/Table[@Name='SinhVien' and @Schema='dbo']/Column[@Name='TrangThai']/Default[@Name='DF__SinhVien__TrangT__37A5467C']","object_type":"Default"}},{"outputs":[],"execution_count":0,"cell_type":"code","source":["ALTER TABLE [dbo].[SinhVien] ADD  DEFAULT (N'Đang học') FOR [TrangThai]\r\n","GO\r\n"],"metadata":{"urn":"Server[@Name='Long\\HOANGLONG']/Database[@Name='SmartAttendanceAI']/Table[@Name='SinhVien' and @Schema='dbo']/Column[@Name='TrangThai']/Default[@Name='DF__SinhVien__TrangT__37A5467C']","object_type":"Default"}},{"cell_type":"markdown","source":["# [FK_Buoi_LHP]"],"metadata":{"urn":"Server[@Name='Long\\HOANGLONG']/Database[@Name='SmartAttendanceAI']/Table[@Name='BuoiHoc' and @Schema='dbo']/ForeignKey[@Name='FK_Buoi_LHP']","object_type":"ForeignKey"}},{"outputs":[],"execution_count":0,"cell_type":"code","source":["ALTER TABLE [dbo].[BuoiHoc]  WITH CHECK ADD  CONSTRAINT [FK_Buoi_LHP] FOREIGN KEY([MaLHP])\r\nREFERENCES [dbo].[LopHocPhan] ([MaLHP])\r\n","GO\r\n","ALTER TABLE [dbo].[BuoiHoc] CHECK CONSTRAINT [FK_Buoi_LHP]\r\n","GO\r\n"],"metadata":{"urn":"Server[@Name='Long\\HOANGLONG']/Database[@Name='SmartAttendanceAI']/Table[@Name='BuoiHoc' and @Schema='dbo']/ForeignKey[@Name='FK_Buoi_LHP']","object_type":"ForeignKey"}},{"cell_type":"markdown","source":["# [FK_DK_LHP]"],"metadata":{"urn":"Server[@Name='Long\\HOANGLONG']/Database[@Name='SmartAttendanceAI']/Table[@Name='DangKyHoc' and @Schema='dbo']/ForeignKey[@Name='FK_DK_LHP']","object_type":"ForeignKey"}},{"outputs":[],"execution_count":0,"cell_type":"code","source":["ALTER TABLE [dbo].[DangKyHoc]  WITH CHECK ADD  CONSTRAINT [FK_DK_LHP] FOREIGN KEY([MaLHP])\r\nREFERENCES [dbo].[LopHocPhan] ([MaLHP])\r\n","GO\r\n","ALTER TABLE [dbo].[DangKyHoc] CHECK CONSTRAINT [FK_DK_LHP]\r\n","GO\r\n"],"metadata":{"urn":"Server[@Name='Long\\HOANGLONG']/Database[@Name='SmartAttendanceAI']/Table[@Name='DangKyHoc' and @Schema='dbo']/ForeignKey[@Name='FK_DK_LHP']","object_type":"ForeignKey"}},{"cell_type":"markdown","source":["# [FK_DK_SV]"],"metadata":{"urn":"Server[@Name='Long\\HOANGLONG']/Database[@Name='SmartAttendanceAI']/Table[@Name='DangKyHoc' and @Schema='dbo']/ForeignKey[@Name='FK_DK_SV']","object_type":"ForeignKey"}},{"outputs":[],"execution_count":0,"cell_type":"code","source":["ALTER TABLE [dbo].[DangKyHoc]  WITH CHECK ADD  CONSTRAINT [FK_DK_SV] FOREIGN KEY([MaSV])\r\nREFERENCES [dbo].[SinhVien] ([MaSV])\r\n","GO\r\n","ALTER TABLE [dbo].[DangKyHoc] CHECK CONSTRAINT [FK_DK_SV]\r\n","GO\r\n"],"metadata":{"urn":"Server[@Name='Long\\HOANGLONG']/Database[@Name='SmartAttendanceAI']/Table[@Name='DangKyHoc' and @Schema='dbo']/ForeignKey[@Name='FK_DK_SV']","object_type":"ForeignKey"}},{"cell_type":"markdown","source":["# [FK_DD_Buoi]"],"metadata":{"urn":"Server[@Name='Long\\HOANGLONG']/Database[@Name='SmartAttendanceAI']/Table[@Name='DiemDanh' and @Schema='dbo']/ForeignKey[@Name='FK_DD_Buoi']","object_type":"ForeignKey"}},{"outputs":[],"execution_count":0,"cell_type":"code","source":["ALTER TABLE [dbo].[DiemDanh]  WITH CHECK ADD  CONSTRAINT [FK_DD_Buoi] FOREIGN KEY([MaBuoi])\r\nREFERENCES [dbo].[BuoiHoc] ([MaBuoi])\r\n","GO\r\n","ALTER TABLE [dbo].[DiemDanh] CHECK CONSTRAINT [FK_DD_Buoi]\r\n","GO\r\n"],"metadata":{"urn":"Server[@Name='Long\\HOANGLONG']/Database[@Name='SmartAttendanceAI']/Table[@Name='DiemDanh' and @Schema='dbo']/ForeignKey[@Name='FK_DD_Buoi']","object_type":"ForeignKey"}},{"cell_type":"markdown","source":["# [FK_DD_SV]"],"metadata":{"urn":"Server[@Name='Long\\HOANGLONG']/Database[@Name='SmartAttendanceAI']/Table[@Name='DiemDanh' and @Schema='dbo']/ForeignKey[@Name='FK_DD_SV']","object_type":"ForeignKey"}},{"outputs":[],"execution_count":0,"cell_type":"code","source":["ALTER TABLE [dbo].[DiemDanh]  WITH CHECK ADD  CONSTRAINT [FK_DD_SV] FOREIGN KEY([MaSV])\r\nREFERENCES [dbo].[SinhVien] ([MaSV])\r\n","GO\r\n","ALTER TABLE [dbo].[DiemDanh] CHECK CONSTRAINT [FK_DD_SV]\r\n","GO\r\n"],"metadata":{"urn":"Server[@Name='Long\\HOANGLONG']/Database[@Name='SmartAttendanceAI']/Table[@Name='DiemDanh' and @Schema='dbo']/ForeignKey[@Name='FK_DD_SV']","object_type":"ForeignKey"}},{"cell_type":"markdown","source":["# [FK_Face_SinhVien]"],"metadata":{"urn":"Server[@Name='Long\\HOANGLONG']/Database[@Name='SmartAttendanceAI']/Table[@Name='FaceData' and @Schema='dbo']/ForeignKey[@Name='FK_Face_SinhVien']","object_type":"ForeignKey"}},{"outputs":[],"execution_count":0,"cell_type":"code","source":["ALTER TABLE [dbo].[FaceData]  WITH CHECK ADD  CONSTRAINT [FK_Face_SinhVien] FOREIGN KEY([MaSV])\r\nREFERENCES [dbo].[SinhVien] ([MaSV])\r\n","GO\r\n","ALTER TABLE [dbo].[FaceData] CHECK CONSTRAINT [FK_Face_SinhVien]\r\n","GO\r\n"],"metadata":{"urn":"Server[@Name='Long\\HOANGLONG']/Database[@Name='SmartAttendanceAI']/Table[@Name='FaceData' and @Schema='dbo']/ForeignKey[@Name='FK_Face_SinhVien']","object_type":"ForeignKey"}},{"cell_type":"markdown","source":["# [FK_LHP_MonHoc]"],"metadata":{"urn":"Server[@Name='Long\\HOANGLONG']/Database[@Name='SmartAttendanceAI']/Table[@Name='LopHocPhan' and @Schema='dbo']/ForeignKey[@Name='FK_LHP_MonHoc']","object_type":"ForeignKey"}},{"outputs":[],"execution_count":0,"cell_type":"code","source":["ALTER TABLE [dbo].[LopHocPhan]  WITH CHECK ADD  CONSTRAINT [FK_LHP_MonHoc] FOREIGN KEY([MaMon])\r\nREFERENCES [dbo].[MonHoc] ([MaMon])\r\n","GO\r\n","ALTER TABLE [dbo].[LopHocPhan] CHECK CONSTRAINT [FK_LHP_MonHoc]\r\n","GO\r\n"],"metadata":{"urn":"Server[@Name='Long\\HOANGLONG']/Database[@Name='SmartAttendanceAI']/Table[@Name='LopHocPhan' and @Schema='dbo']/ForeignKey[@Name='FK_LHP_MonHoc']","object_type":"ForeignKey"}},{"cell_type":"markdown","source":["# [SmartAttendanceAI]"],"metadata":{"urn":"Server[@Name='Long\\HOANGLONG']/Database[@Name='SmartAttendanceAI']","object_type":"Database"}},{"outputs":[],"execution_count":0,"cell_type":"code","source":["USE [master]\r\n","GO\r\n"],"metadata":{"urn":"Server[@Name='Long\\HOANGLONG']/Database[@Name='SmartAttendanceAI']","object_type":"Database"}},{"outputs":[],"execution_count":0,"cell_type":"code","source":["ALTER DATABASE [SmartAttendanceAI] SET  READ_WRITE \r\n","GO\r\n"],"metadata":{"urn":"Server[@Name='Long\\HOANGLONG']/Database[@Name='SmartAttendanceAI']","object_type":"Database"}}]}